????? ,???? ,??????? ,?? ??????? ,????? ???? ,???? ?? ????? ???? ,????? ???? ???? ,????/???? ,???? ,"??""? ",???? ???? ?????? 
200,??????,?????/????? ,?????,"?""?",1,,,9.9,?? ,
201,?????? ,?????/????? ,?????,"?""?",1,,,19.9,?? ,
202,?????,?????/????? ,?????,"?""?",1,,,15.9,?? ,
203,???? ???,?????/????? ,?????,?????,1,,,11.9,?? ,
204,???? ????,?????/????? ,?????,"?""?",1,,,15.9,?? ,
205,??? ??? ,?????/????? ,?????,"?""?",1,,,7.9,?? ,
206,??? ???? ,?????/????? ,?????,"?""?",1,,,7.9,?? ,
207,?????? ??? ?????? ,?????/????? ,?????,"?""?",1,,,26.9,?? ,
208,?????? ??? ??????? ,?????/????? ,?????,"?""?",1,,,24.9,?? ,
209,???????? ,?????/????? ,?????,?????,1,,,11.9,?? ,
210,?????? ????? ,?????/????? ,?????,?????,1,,,11.9,?? ,
211,???? ,?????/????? ,????? ,"?""?",1,,,11.9,?? ,
212,??????,?????/????? ,????? ,"?""?",1,,,16.9,?? ,
213,???? ???? ????? ,?????/????? ,????? ,"?""?",1,,,21.9,?? ,
214,???? ?? ???? ,?????/????? ,????? ,"?""?",1,,,15.9,?? ,
215,???? ?? ????? ,?????/????? ,????? ,"?""?",1,,,15.9,?? ,
216,???? ?? ???? ,?????/????? ,????? ,"?""?",1,,,15.9,?? ,
217,???? ?? ????? ,?????/????? ,????? ,"?""?",1,,,15.9,?? ,
218,????,?????/????? ,????? ,"?""?",1,,,19.9,?? ,
219,?????,?????/????? ,????? ,"?""?",1,,,269.9,?? ,
220,??????? ,?????/????? ,????? ,"?""?",1,,,26.9,?? ,
221,????? ????? ,?????/????? ,????? ,"?""?",1,,,26.9,?? ,
222,????? ?????? ,?????/????? ,????? ,"?""?",1,,,26.9,?? ,
223,????,?????/????? ,????? ,"?""?",1,,,22.9,?? ,
224,????,?????/????? ,????? ,"?""?",1,,,,?? ,
225,????? ,?????/????? ,????? ,"?""?",1,,,19.9,?? ,
226,???,?????/????? ,????? ,"?""?",1,,,19.9,?? ,
227,?????? ,?????/????? ,????? ,"?""?",1,,,9.9,?? ,
228,????????,?????/????? ,????? ,"?""?",1,,,12.9,?? ,
229,???? ???? ,?????/????? ,????? ,"?""?",1,,,9.9,?? ,
230,???????,?????/????? ,????? ,"?""?",1,,,19.9,?? ,
,,,,,,,,,,
240,?????? ,?????/?????,???? ????? ,????? ,1,,,4.9,??,
241,????????? ,?????/?????,???? ????? ,????? ,1,,,4.9,??,
242,??? ???? ,?????/?????,???? ????? ,????? ,1,,,5.9,??,
243,????? ???? ,?????/?????,???? ????? ,????? ,1,,,9.9,??,
244,????????,?????/?????,???? ????? ,????? ,1,,,5.9,??,
,,,,,,,,,,
,,,,,,,,,,
,,,,,,,,,,
,,,,,,,,,,
,,,,,,,,,,
,,,,,,,,,,
,,,,,,,,,,
,,,,,,,,,,
,,,,,,,,,,
4131074,??? 3% ,????? ??? ,??? ???,???? ,1,1,????? ,7.11,??,
42435,??? 1% ,????? ??? ,??? ??? ,???? ,1,1,????? ,6.7,??,
40974,??? ?? ????? 2%,????? ??? ,??? ???,???? ,1,1,????? ,8.5,??,
7290107932080,??? ????? 3%,????? ??? ,??? ??? ,???? ,1,1,????? ,8.9,??,16.26
7290107932134,??? ????? 1% ,????? ??? ,??? ??? ,???? ,1,1,????? ,9.4,??,20.71
7290106728127,??? ???? 3.6% ,????? ??? ,??? ???,???? ,1,1,????? ,9.4,??,20.71
7290110563462,??? ???? ????? 2% ,????? ??? ,??? ??? ,???? ,1,1,????? ,9.9,??,19.05
,,,,,,,,,,
7290116933832,?????? ????? ??? 3% ,????? ??? ,?????? ??? ,???,1,????? ,????? ,5.7,,????? ???? 
40042,?????? ????? ??? 3%,????? ??? ,?????? ??? ,???,1,150,????? ,5.7,,
4130916,?????? ????? ????? ??? 3%,????? ??? ,?????? ??? ,???,1,150,????? ,5.7,,
,?????? ????? ???? ????? 3%,????? ??? ,?????? ??? ,???,1,150,????? ,5.7,,
40080,?????? ????? ????? 3%,????? ??? ,?????? ??? ,???,1,150,????? ,5.7,,
40066,?????? ????? ?????? 3%,????? ??? ,?????? ??? ,???,1,150,????? ,5.7,,
7290116931777,?????? ????? ????? 3%,????? ??? ,?????? ??? ,???,1,150,????? ,5.7,,
4126759,?????? ????? ??? ???? ????? 0%,????? ??? ,?????? ??? ,???,1,150,????? ,5.7,,
51376,?????? ???? ???? ????? 0%,????? ??? ,?????? ??? ,???,1,150,????? ,5.7,,
4124205,?????? ??? ???? ????? 0%,????? ??? ,?????? ??? ,???,1,150,????? ,5.7,,
4121488,?????? ????? ???? 0%,????? ??? ,?????? ??? ,???,1,150,????? ,5.7,,
7290110327637,?????? ????? ???? ????? 0%,????? ??? ,?????? ??? ,???,1,150,????? ,5.7,,
"
7290110321680",????? GO ??? 20 ??' ????? ,????? ??? ,?????? ??? ,???,1,200,????? ?? ,6.7,,
7290110321697,????? GO ????? 20 ??' ????? ,????? ??? ,?????? ??? ,???,1,200,????? ?? ,6.7,,
7290110321703,????? GO ????? ??? 20 ??' ????? ,????? ??? ,?????? ??? ,???,1,200,????? ??,6.7,,
,,,,,,,,,,
7290110323592,????? GO ????? ???? 20 ??' ????? ,????? ??? ,?????? ??? ,???,1,200,????? ?? ,6.9,,
,????? GO ??? ???? 20 ??' ????? ,????? ??? ,?????? ??? ,???,1,200,????? ?? ,6.9,,
,,,,,,,,,,
"
7290110328627",????? GO ???? ???? ????  20 ??' ????? ,????? ??? ,?????? ??? ,???,1,200,????? ?? ,6.7,,
"
7290110328764",????? GO ????  ??? 20 ??' ????? ,????? ??? ,?????? ??? ,???,1,200,????? ?? ,6.7,,
7290110328788,????? GO ???? ????? 20 ??' ????? ,????? ??? ,?????? ??? ,???,1,200,????? ?? ,6.7,,
"
7290110329952",????? GO ???? ????? 20 ??' ????? ,????? ??? ,?????? ??? ,???,1,200,????? ?? ,6.7,,
7290110566975,????? ??? ??? 20 ??' ????? ,????? ??? ,?????? ??? ,??? ,1,200,????? ??? ,6.7,,
7290101551539,????? ??? ????? 20 ??' ????? ,????? ??? ,?????? ??? ,??? ,1,200,????? ??? ,6.7,,
7290110552237,"????? ??? ????? ???? ??""? 20 ??' ????? ",????? ??? ,?????? ??? ,??? ,1,200,????? ??? ,6.7,,
7290110558314,????? ??? ?????? ??? ???? 20 ??' ????? ,????? ??? ,?????? ??? ,??? ,1,200,????? ??? ,6.7,,
7290112330352,????? ??? ???? 20 ??' ????? ,????? ??? ,?????? ??? ,??? ,1,200,????? ??? ,6.7,,
7290112330390,????? ??? ????? ??? 20 ??' ????? ,????? ??? ,?????? ??? ,??? ,1,200,????? ??? ,6.7,,
7290102390427,?????? ???? ???? ?? ????? ???,????? ??? ,?????? ???,??? ,1,150,???? ,6.5,,
7290102390465,?????? ???? ???? ?? ????? ????? ????????,????? ??? ,?????? ??? ,??? ,1,150,???? ,6.5,,
7290102390489,?????? ???? ???? ?? ????? ?????,????? ??? ,?????? ???,??? ,1,150,???? ,6.5,,
7290102391844,?????? ???? ???? ?? ????? ????? ???,????? ??? ,?????? ??? ,??? ,1,150,???? ,6.5,,
7290102399635,?????? ???? ???? ?? ????? ????? ???? ,????? ??? ,?????? ???,??? ,1,150,???? ,6.5,,
7290114311359,?????? ???? ???? ?? ????? ????,????? ??? ,?????? ???,??? ,1,150,???? ,6.5,,
7290102393169,?????? ???? ??????  ??? 3%????,????? ??? ,?????? ???,??? ,1,150,???? ,6.5,,
7290102393176,?????? ???? ?????? ?????? ????? 3%????,????? ??? ,?????? ???,??? ,1,150,???? ,6.5,,
7290102393190,?????? ???? ?????? ????? ??? 3% ????,????? ??? ,?????? ???,??? ,1,150,???? ,6.5,,
7290014761193,?????? ????? ????? ??? , ????? ???,?????? ???,???,1,125,????? ,4.2,,
72961506,?????? ????? ???,????? ??? ,?????? ???,???,1,125,????? ,4.2,,
72961520,??????  ????? ????,????? ??? ,?????? ???,???,1,125,????? ,4.2,,
72961544,??????  ???? ??? ???,????? ??? ,?????? ???,???,1,125,????,,,
,,,,,,,,,,
,,,,,,,,,,
,,,,,,,,,,
7290110329136,????? GO  ?????? 12 ??' ????? ,????? ??? ,?????? ?????,???,1,120,????? ?? ,5.9,,
7290110329143,????? GO  ????  12 ??' ????? ,????? ??? ,?????? ?????,???,1,120,????? ?? ,5.9,,
7290116934136,????? GO ?????? 12 ??' ????? ,????? ??? ,?????? ????? ,???,1,120,????? ?? ,5.9,,
7290116930701,????? GO  ???? ????  12 ??' ????? ,????? ??? ,?????? ?????,??? ,1,120,????? ?? ,5.9,,
7290110565527,????? ??? 20 ??' ????? ,????? ??? ,?????? ????? ,??? ,1,200,????? ,,,
7290112336712,????? ??? 21 ??'????? ,????? ??? ,?????? ????? ,??? ,1,200,????? ,,,
7290110566975,????? ??? ??? 20 ??' ????? ,????? ??? ,?????? ?????,??? ,1,200,????? ??? ,6.7,,
7290101551539,????? ??? ????? 20 ??' ????? ,????? ??? ,?????? ?????,??? ,1,200,????? ??? ,6.7,,
7290110552237,"????? ??? ????? ???? ??""? 20 ??' ????? ",????? ??? ,?????? ?????,??? ,1,200,????? ??? ,6.7,,
7290110558314,????? ??? ?????? ??? ???? 20 ??' ????? ,????? ??? ,?????? ?????,??? ,1,200,????? ??? ,6.7,,
7290112330352,????? ??? ???? 20 ??' ????? ,????? ??? ,?????? ?????,??? ,1,200,????? ??? ,6.7,,
7290112330390,????? ??? ????? ??? 20 ??' ????? ,????? ??? ,?????? ?????,??? ,1,200,????? ??? ,6.7,,
"
7290110328627",????? GO ???? ???? ????  20 ??' ????? ,????? ??? ,?????? ?????,???,1,200,????? ?? ,6.7,,
"
7290110328764",????? GO ????  ??? 20 ??' ????? ,????? ??? ,?????? ?????,???,1,200,????? ?? ,6.7,,
7290110328788,????? GO ???? ????? 20 ??' ????? ,????? ??? ,?????? ????? ,???,1,200,????? ?? ,6.7,,
"
7290110329952",????? GO ???? ????? 20 ??' ????? ,????? ??? ,?????? ?????,???,1,200,????? ?? ,6.7,,
7290110321031,????? GO ????? 20 ??' ????? ,????? ??? ,?????? ????? ,???,1,200,????? ??,6.5,,
7290116932620,????? GO  ???? ????? 20 ??' ?????,????? ??? ,?????? ????? ,??? ,1,200,????? ?? ,6.5,,
,,,,,,,,,,
,,,,,,,,,,
,,,,,,,,,,
,,,,,,,,,,
7290110326210,?????? ?????  ??? ??? ???????,????? ??? ,?????? ??????,???,1,157,?????,5.9,,
7290110326227,?????? ????? ??? ??? ???????? ,????? ??? ,?????? ??????,???,1,157,????? ,5.9,,
7290110326234,?????? ????? ??? ??? ??????,????? ??? ,?????? ??????,???,1,157,?????,5.9,,
3321155,????? ????? ???? ,????? ??? ,?????? ??????,???,1,183,????? ,5.4,,
408354,????? ????? ??????? ,????? ??? ,?????? ??????,??? ,1,173,????? ,5.4,,
7290112346629,????? ????? ????? ?????? ,????? ??? ,?????? ??????,???,1,172,????? ,5.4,,
7290102393039,?????? ???? ?? ?????? ?????? ,????? ??? ,?????? ??????,??? ,1,170,???? ,6.9,,
7290102393060,?????? ???? ?? ??????? ?????? ??? ,????? ??? ,?????? ??????,??? ,1,170,???? ,6.9,,
7290102394081,?????? ???? ?? ????????  ?????,????? ??? ,?????? ??????,??? ,1,170,???? ,6.9,,
7290102397464,?????? ???? ?? ??????? ?????? ????????,????? ??? ,?????? ??????,??? ,1,170,???? ,6.9,,
7290102397600,?????? ???? ?? ????? ??????? ????????,????? ??? ,?????? ??????,??? ,1,170,???? ,6.9,,
7290102397617,?????? ???? ?? ?????? ?????? ?????? ???,????? ??? ,?????? ??????,??? ,1,170,???? ,6.9,,
,,,,,,,,,,
7290107936309,?????? ????? ,????? ??? ,?????? ????,???,1,130,????? ,3.9,,
408316,?????? ????? ??? 3% ???? ,????? ??? ,?????? ????,??? ,1,200,????? ,4.4,,
4584528,?????? ????? ???1.7% ???? ,????? ??? ,?????? ????,??? ,1,200,????? ,4.4,,
7290110321031,????? GO ????? 20 ??' ????? ,????? ??? ,?????? ????,???,1,200,????? ??,6.5,,
7290116932620,????? GO  ???? ????? 20 ??' ?????,????? ??? ,?????? ????,??? ,1,200,????? ?? ,6.5,,
7290110329266,?????? ????? ,????? ??? ,?????? ????,??? ,1,140,?????,7.2,,
,,,,,,,,,,
,,,,,,,,,,
,,,,,,,,,,
,,,,,,,,,,
,,,,,,,,,,
5839078,???? ?????? ???? 3% ????? ,????? ??? ,?????? ??????,????? ,1,8*150 ???,?????,19.9,,
6664990,???? ?????? ???? 1.7% ????? ,????? ??? ,?????? ??????,????? ,1,8*150 ???,?????,19.9,,
56883,???? ????? ?????? ??? 3% ,????? ??? ,?????? ??????,????? ,1,8*150 ???,????? ,34.9,,
56890,???? ????? ?????? ??? ???? 0%,????? ??? ,?????? ??????,????? ,1,8*150 ???,????? ,34.9,,
7290014758100,???? ?????? ??? 3% ,????? ??? ,?????? ??????,????? ,1,8*150 ???,????? ,19.5,,
7290014758117,???? ?????? ??? 1.5%,????? ??? ,?????? ??????,????? ,1,8*150 ???,????? ,19.5,,
,,,,,,,,,,
,,,,,,,,,,
55329,???? ??? ???? ?????? ????? ,????? ??? ,?????? ??????,???,1,250,?????,6.5,,
55343,???? ???? ????? ?????? ????? ,????? ??? ,?????? ??????,???,1,250,?????,6.5,,
55336,???? ???? ????? ?????? ?????,????? ??? ,?????? ??????,???,1,250,?????,6.5,,
7290105364678,?????? ???? ??????? ?? ????? 1.2% ,????? ??? ,?????? ??????,???,1,250,??????? ,6.2,,
,?????? ???? ??????? ?? ??? 1.2%,????? ??? ,?????? ??????,???,1,250,??????? ,6.2,,
7290115676051,?????? ???? ??????? ?? ?????? ????,????? ??? ,?????? ??????,???,1,250,??????? ,6.2,,
6664655,?????? ???? 8*100 ??? ,????? ??? ,????? ?????? ,"?""? ",1,"8*100 ?""? ",??????,22.9,,
,,,,,,,,,,
72940754,????? ???? ???? ,????? ??? ,??????,???,1,170,??????,3.4,,
72940761,????? ?????? ?????? ,????? ??? ,??????,???,1,170,??????,3.4,,
7290112355812,????? ??? ?? ????? ????????,????? ??? ,??????,???,1,170,??????,5.2,,
5839313,????? ??? ??????? ?? ????? ???????,????? ??? ,??????,???,1,170,??????,5.2,,
,,,,,,,,,,
5838002,???? ?????? ???? ????,????? ??? ,??????,???,1,88,??????,4.9,,
8693134,???? ?????? ???? ???,????? ??? ,??????,???,1,88,??????,4.9,,
,,                                                                                               ,,,,,,,,
,,,,,,,,,,
,,,,,,,,,,
7290014761070,???? ?????? ??? ???? ,????? ??? ,??????,??? ,1,123,????,5.5,,
7290014761056,???? ?????? ??? ????? ????,????? ??? ,??????,??? ,1,123,????,5.5,,
7290014761414,???? ????? ?????? ???? ,????? ??? ,??????,??? ,1,123,????,5.5,,
7290014761612,???? ????? ?????? ???? ???? ,????? ??? ,??????,??? ,1,123,????,5.5,,
,,,,,,,,,,
,,,,,,,,,,
,,,,,,,,,,
7290107954976,???? ??? ???? ???,????? ??? ,?????? ??? ,"?""? ",1,350,????? ,7.9,,
7290110577254,???? ??? ???? ??? ??? ????? ???? ,????? ??? ,?????? ??? ,"?""? ",1,350,????? ,7.9,,
7290110568276,???? ??? ???? ????,????? ??? ,?????? ??? ,"?""? ",1,350,????? ,7.9,,
7290110329686,???? GO ???? ?????? ,????? ??? ,?????? ??? ,"?""? ",1,340,????? ??,8.9,,
7290110325893,???? GO ???? ???? ??? ,????? ??? ,?????? ??? ,"?""? ",1,340,????? ??,8.9,,
7290110324773,???? GO ???? ????,????? ??? ,?????? ??? ,"?""? ",1,340,????? ??,8.9,,
3029181,????  1.5% ???? ?????,????? ??? ,?????? ??? ,???? ,1,1,????? ,13.5,,
3029372,???? ???? 1.5% ???? ????? ,????? ??? ,?????? ??? ,???? ,1,1,????? ,12.5,,
3029907,????? ???  2% ???? ????? ,????? ??? ,?????? ??? ,???? ,1,1,????? ,13.5,,
,,,,,,,,,,
47621,????? ???? 5% ???? ,????? ??? ,????' ?????? ???? ,??? ,1,250,????? ,5.68,,
2824640,????? ???? ??? 5% ???? ,????? ??? ,????' ?????? ???? ,??? ,1,250,??? ,5.68,,
48192,????? ???? 9% ???? ,????? ??? ,????' ?????? ???? ,??? ,1,250,????? ,5.9,,
4127800,????? ???? 5% ???? ,????? ??? ,????' ?????? ???? ,??? ,1,500,????? ,11.36,,
4127817,????? ???? 9% ???? ,????? ??? ,????' ?????? ???? ,??? ,1,500,????? ,11.9,,
4127077,???? 3% ???? ,????? ??? ,????' ?????? ???? ,??? ,1,250,????? ,6,,
41445,????' 5% ???? ,????? ??? ,????' ?????? ???? ,??? ,1,250,????? ,6,,
41452,???? 9% ???? ,????? ??? ,????' ?????? ???? ,??? ,1,250,????? ,6,,
7290116931241,???? 12% ????,????? ??? ,????' ?????? ???? ,??? ,1,250,????? ,6.9,,
7290011194246,???? 5% ???? ,????? ??? ,????' ?????? ???? ,??? ,1,250,??? ,6.8,,
7290110321277,???? 5% ???? ,????? ??? ,????' ?????? ???? ,??? ,1,100,????? ,3.1,,
,,,,,,,,,,
,,,,,,,,,,
,,,,,,,,,,
,,,,,,,,,,
4125776,????? ????? ???  28% 400 ??' ??????,????? ???,?????? ??????,???,1,400,???,34.5,,
57118,????? ????? ??? ??? 28% 400 ??',????? ???,?????? ?????? ,???,1,400,???,27.9,,
57088,????? ????? ??? 28% ?? ?? 200 ??',????? ???,?????? ??????,???,1,200,???,19.9,,
4122270,????? ????? ??? 200 ??' 28%,????? ???,?????? ?????? ,???,1,200,??? ,19.9,,
4122195,????? ????? ??? ??? 200 ??',????? ???,?????? ??????,???,1,200,??? ???,17.9,,
7290014760912,????? ????? ??? ??? 400 ??',????? ??? ,?????? ??????,???,1,400,??? ???,29.9,,
7290110324872,????? ????? ????? 5% ?????? 200 ??',????? ??? ,?????? ?????? ,???,1,200,????? ,21.9,,
,,,,,,,,,,
,,,,,,,,,,
,,,,,,,,,,
7290110320591,????? ??????? ?????? 16% ???? ?????? ,????? ??? ,?????? ?????? ,??? ,1,250,??????,28.9,,
4121853,?????? ??????? 5%  ???? ?????? ,????? ??? ,?????? ?????? ,??? ,1,200,??????,24.9,,
7290110321604,??????? ?????? ??????  5% ???? ??????,????? ??? ,?????? ?????? ,??? ,1,200,??????,24.9,,
7290116931739,??????? ?????? ?????? 5% ???? ??????,????? ??? ,?????? ?????? ,??? ,1,200,??????,?????,,
4120566,?????? ????? ??????? 24%  ????,????? ??? ,?????? ?????? ,??? ,1,250,?????? ,27.9,,
4120573, ?????? ????? ??????? 16% ????,????? ??? ,?????? ?????? ,??? ,1,250,??????,27.9,,
4120634,?????? ????? ??????? 5% ????,????? ??? ,?????? ?????? ,??? ,1,250,?????? ,27.9,,
48437,?????? ????? ????? 5% ????,????? ??? ,?????? ?????? ,??? ,1,200,??????,17.5,,
55015,?????? ??? ????? 5% ????,????? ??? ,?????? ?????? ,??? ,1,250,??????,31.9,,
4121839,?????? ??? ????? 20% ????,????? ??? ,?????? ?????? ,??? ,1,250,??????,31.9,,
49458,?????? ??? ????? 16% ????,????? ??? ,?????? ?????? ,??? ,1,250,??????,32.9,,
7290014759909,?????? ??? ????? 5% ????,????? ??? ,?????? ?????? ,??? ,1,250,??????,32.9,,
,,,,,,,,,,
,,,,,,,,,,
,,,,,,,,,,
45573,???? ????? ????? 28%,????? ??? ,?????? ??????,??? ,1,25*8,?????,18.5,,
45580,???? ????? ????? 16 ??' ???? ,????? ??? ,?????? ?????? ,??? ,1,15*16,?????,21.5,,
,,,,,,,,,,
,,,,,,,,,,
,,,,,,,,,,
4129118,????? ???????? 24% ???? ?????,????? ???,?????? ????,???,1,225,???????? ,15.5,,
4129101,????? ???????? 25% ???? ???? ,????? ???,?????? ???? ,???,1,225,???????? ,15.5,,
4129156,????? ???????? 25% ???? ??? ????,????? ???,?????? ????,???,1,225,???????? ,15.5,,
7290014759084,????????  16% ????,????? ??? ,?????? ????,???,1,225,???????? ,15.5,,
7290014762831,????? ???????? 25% ???????,????? ???,?????? ????,???,1,225,???????? ,15.5,,
7622201139278,????? ???? ???????? 25%,????? ???,?????? ????,???,1,150,???????? ,18.9,,
4584351, ???????? ????? ???? ,????? ???,?????? ????,???,1,200,????????,12.5,,
5839108,????? ???????? ?? ????? ????? ???? ,????? ??? ,?????? ????,???,1,200,????????,12.5,,
7290105366993,????? ???????? ?? ???? ???? ????? ????,????? ???,?????? ????,???,1,200,????????,12.5,,
,,,,,,,,,,
,,,,,,,,,,
4137809,?????? ????? 5% ???? ,????? ??? ,?????? ??? ?????? ,??? ,1,200,??????,14.5,,
51710,????? ?? ??? ??? ????? ?????? ,????? ??? ,?????? ??? ?????? ,??? ,1,263,??????,15.9,,
,,,,,,,,,,
,,,,,,,,,,
7290014760141,??? ????? ???????? ,????? ???,?????? ??? ?????,????,1,1,????? ????????,13.9,,
7290110325619,??? ?????? ???? ????????,????? ???,?????? ??? ?????,????,1,1,????? ????????,13.9,,
7290110325626,??? ????? ??? ????? ???? ????????,????? ???,?????? ??? ?????,????,1,1,????? ????????,13.9,,
7290110327514,??? ?????? ???? ???? ????? ??? ????????,????? ???,?????? ??? ?????,????,1,1,????? ????????,13.9,,
7290116933894,??? ?????? ???? ???? ????????,????? ???,?????? ??? ?????,????,1,1,????? ????????,13.9,,
4130794,??? ???? ??????? ?????? ????????,????? ???,?????? ??? ?????,????,1,1,????? ????????,11.7,,
4132552,??? ???? ???? ????????,????? ???,?????? ??? ?????,????,1,1,????? ????????,11.7,,
7290110324926,??? ???? ??? ????? ???? ????????,????? ???,?????? ??? ?????,????,1,1,????? ????????,11.7,,
4125578,??? ???? ???????? ,????? ???,?????? ??? ?????,????,1,1,????? ????????,11.7,,
5411188134985,??? ?????? ???? ??? ???? 3.5% ????,????? ???,?????? ??? ?????,????,1,1,?????,14.9,,
,??? ?????? ???? ??? ???? 1.8% ????,????? ??? ,?????? ??? ?????,????,1,1,?????,14.9,,
8000215204219,??? ???? ?????? ??????? ,????? ??? ,?????? ??? ?????,????,1,1,???????,15.5,,
8000215204240,??? ????? ????? ?????? ,????? ??? ,?????? ??? ?????,????,1,1,???????,15.5,,
7394376621451,??? ?????? ????  ?????? ?????? , ????? ??? ,?????? ??? ?????,????,1,1,?????,15.9,,
5411188127697,??? ?????? ???? ????? ?????? ,????? ???,?????? ??? ?????,????,1,1,?????,15.9,,
5411188115472,??? ???? ????? ,????? ???,?????? ??? ?????,????,1,1,?????,15.9,,
5411188543398,"??? ???? ??""? ?????",????? ???,?????? ??? ?????,????,1,1,?????,15.5,,
5411188110835,??? ????? ????? ,????? ???,?????? ??? ?????,????,1,1,?????,15.9,,
,,,,,,,,,,
,,,,,,,,,,
,,,,,,,,,,
,,,,,,,,,,
,,,,,,,,,,
,,,,,,,,,,
,,,,,,,,,,
,,,,,,,,,,
,,,,,,,,,,
7290110329846,???? ???? ???? ,????? ???,??????,???,1,150,????? ????????,5.4,,
7290110329808,???? ???? ??? ,????? ???,??????,???,1,150,????? ????????,5.4,,
7290110329792,???? ???? ?????,????? ???,??????,???,1,150,????? ????????,5.4,,
7290110329815,???? ???? ?????? ??????,????? ???,??????,???,1,150,????? ????????,5.4,,
7290110329822,???? ???? ????? ???,????? ???,??????,???,1,150,????? ????????,5.4,,
,???? ?? ???? ????? ??? ,????? ???,??????,???,1,,????? ????????,5.4,,
,,,,,,,,,,
,,,,,,,,,,
,,,,,,,,,,
,,,,,,,,,,
,,,,,,,,,,
,,,,,,,,,,
,,,,,,,,,,
,,,,,,,,,,
,,,,,,,,,,
,,,,,,,,,,
,,,,,,,,,,
,,,,,,,,,,
7290117030783,??? ???? ?????? ????????? 4 ??? L,??? ????' ?????? ????,?? ???? ,?????,1,4,??? ????,7.9,,
7290117030752,?????? ????? ??????? 7 ??? ??? ????,??? ????' ?????? ????, ?? ????,?????,1,7,??? ????,9.9,,
7290117030790,?????? ?????? ??????? 10 ??? ,??? ????' ?????? ????,?? ???? ,?????,1,10,??? ????,9.9,,
295558,??? ???? ????????? ??? ????  ,???? ????' ??????? ????,?? ???? ,???,1,0.30*7.5,??? ????,10.9,,
286761,??? ?????? ???? ??? ???? ,???? ????' ??????? ????,?? ???? ,???,1,30*2,??? ????,10.9,,
,,,,,,,,,,
7290103701017,???? ????? 50 ??? ?? ???',???? ????/ ??????? ?????? ?????,?? ???? ,?????,1,50,???',10.9,,
,,,,,,,,,,
,,,,,,,,,,
,,,,,,,,,,
4033736,??? ?????? ????? ????? ,????? ,????? ??????,???,1,500,???? ???,?????,,
7290016967074, ??? ???? ???? ?? ????,????? ??????,????? ??????,???,1,750,????,?????,,
7290017304885,??? ???? ????? ??? ,????? ,????? ??????,???,1,750,????,?????,,
7290017947891,??? ?????? ????? ???? ????,????? ,????? ??????,???,1,750,????,?????,,
7290014940901,???? ??? ???? ???,????? ,????? ??????,???,1,750,????,?????,,
497044,??? ???? ????? ,????? ,????? ??????,???,1,750,????,?????,,
4685089,?????? ??? ????,????? ,????? ??????,???,1,500,??? ????,?????,,
4685126,????? ????? ??? ????,????? ,????? ??????,???,1,750,??? ????,?????,,
4685157,????? ??? ??? ???? ,????? ,????? ??????,???,1,750,??? ????,?????,,
4685430,?????? ??? ????,????? ,????? ??????,???,1,500,??? ????,?????,,
7290017947105,???? ??? ?????? ???????  ,????? ,????? ??????,???,1,500,????,?????,,
7290013027399,??? ????? ?? ?100% ??? ??? ????,????? ,????? ??????,???,1,750,????,?????,,
,,,,,,,,,,
,,,,,,,,,,
4685478,????? ?????? 10 ??? ??? ????,??????? ????? ,?????,???,1,550,??? ???? ,?????,,
,,,,,,,,,,
,,,,,,,,,,
4033750,????? ??????? ????? ????? ????,??????? ????? ,??????? ??????,???,1,60*6 ??',????,18.9,,
4685447,????? ??????? ?????? ????,??????? ????? ,??????? ??????,???,1,450,????,18.9,,
7290017947495,????? ??????? ?????? ????,??????? ????? ,??????? ??????,???,1,450,????,18.9,,
7290017947921,????? ????????? 6 ??? ????,??????? ????? ,??????? ??????,???,1,75*6,,,,
,,,,,,,,,,
,,,,,,,,,,
,,,,,,,,,,
,,,,,,,,,,
6983770,??? ???? ???? ??? ,????? ???????,????? ??????,???,1,400,???? ????,15.9,,
6983763,???? ???? ???? ?????? ???,????? ???????,????? ??????,???,1,400,???? ????,15.9,,
6983787,???? ???? ???? ???????? ???,????? ???????,????? ??????,???,1,400,???? ????,14.9,,
6983794,???? ???? ???? ???? ??? ,????? ???????,????? ??????,???,1,400,???? ????,15.9,,
7290105695895,???? ???? ???? ???? ??? ???,????? ???????,????? ??????,???,1,320,???,15.9,,
729000075693,???? ???? ????? ???? ??????,????? ???????,????? ??????,???,1,360,???? ????,17,,
7290106578821,???? ???? ????? ?????? ???? ?????? ???,????? ???????,????? ??????,???,1,350,???? ????,17,,
,,,,,,,,,,
,,,,,,,,,,
,,,,,,,,,,
,,,,,,,,,,
,,,,,,,,,,
5010677554398,????? ???? ?????,"?????? ????,??????? ????",??????? ?????? ?????,"?""?",1,275,?????,14.9,,
5010677551396,????? ???? ????,"?????? ????,??????? ????",??????? ?????? ?????,"?""?",1,275,?????,14.9,,
5010677551281,????? ???? ?????,"?????? ????,??????? ????",??????? ?????? ?????,"?""?",1,275,?????,14.9,,
8464741,?????? ???? ??????? ,"?????? ????,??????? ???? ",??????? ?????? ?????,"?""?",1,330*6,??????? ,39.9,,
8464796,?????? ??????? ,"?????? ????,??????? ???? ",??????? ?????? ?????,"?""?",1,330*6,???????,39.9,,
7501064191527,?????? ???? ?????? ,"?????? ????,??????? ???? ",??????? ?????? ?????,"?""?",1,355*6,??????,43.9,,
4100130937163,?????? ???? ???? ,"?????? ????,??????? ???? ",??????? ?????? ?????,"?""?",1,275*6,????,33.9,,
6764485,?????? ???? ????? ,"?????? ????,??????? ???? ",??????? ?????? ?????,"?""?",1,330*6,???? ???,34.9,,
,,,,,,,,,,
,,,,,,,,,,
8464611,???? ???? ,"?????? ????,??????? ????",?????? ???? ??????? ??????,"?""?",1,275,????,3.8,,
135151,???? ???? ????? ,"?????? ????,??????? ????",?????? ???? ??????? ??????,"?""?",1,275,????,3.8,,
8757034,???? ????? ,"?????? ????,??????? ????",?????? ???? ??????? ??????,"?""?",1,250,?????,4.2,,
7290110115463,???? ?? ???? ?????,"?????? ????,??????? ????",?????? ???? ??????? ??????,"?""?",1,1500,???? ??,8.9,,
7290110115845,???? ???? ,"?????? ????,??????? ????",?????? ???? ??????? ??????,???? ,1,1500,???? ???? ,8.9,,
7290110115869,???? ???? ,"?????? ????,??????? ????",?????? ???? ??????? ??????,???? ,1,1500,???? ???? ,8.9,,
7290110115050,????? ??? ???? ,"?????? ????,??????? ????",?????? ???? ??????? ??????,???? ,1,1500,????? ,8.5,,
7290110115036,????? ???? ????,"?????? ????,??????? ????",?????? ???? ??????? ??????,???? ,1,1500,????? ,8.5,,
7290110114961,????? ???? ??????,"?????? ????,??????? ????",?????? ???? ??????? ??????,???? ,1,1500,????? ,8.5,,
7290110114985,????? ???? ????????,"?????? ????,??????? ????",?????? ???? ??????? ??????,???? ,1,1500,????? ,8.5,,
7290110115005,????? ???? ?????,"?????? ????,??????? ????",?????? ???? ??????? ??????,???? ,1,1500,????? ,8.5,,
7290110115043,????? ???? ????????,"?????? ????,??????? ????",?????? ???? ??????? ??????,???? ,1,1500,????? ,8.5,,
5906485301012,???? ?????? ???? ,"?????? ????,??????? ???? ",?????? ???? ??????? ??????,"?""?",1,250,????,4.9,,
136646,???? ??? ,"?????? ????,??????? ????",?????? ???? ??????? ??????,"?""? ",1,1500,???,9.5,,
7290019056249,??? ???? ????? ,"?????? ????,??????? ????",?????? ???? ??????? ??????,"?""?",1,1500,????? ,8.5,,
7290019056270,??? ???? ????? ???,"?????? ????,??????? ???? ",?????? ???? ??????? ??????,"?""?",1,1500,?????,8.5,,
7290019056256,??? ???? ????,"?????? ????,??????? ????",?????? ???? ??????? ??????,"?""? ",1,1500,?????,8.5,,
7290019056263,??? ???? ?????,"?????? ????,??????? ????",?????? ???? ??????? ??????,"?""? ",1,1500,?????,8.5,,
,,,,,,,,,,
7290019056973,?????? ??? ?? ??? ,"?????? ????,??????? ???? ",?????? ???? ??????? ??????,???? ,1,1500*6,?? ???,17.9,,
7290110114855,?????? ??? ?????? ,"?????? ????,??????? ????",?????? ???? ??????? ??????,???? ,1,1500*6,?????? ,17.9,,
,,"?????? ????,??????? ????",?????? ???? ??????? ??????,,,,,,,
,,,,,,,,,,
1045688,??? ?????? ???? ?????? ,"?????? ????,??????? ????",???? ??? ,"?""?",1,400,?????? ,11.9,,
525969,??? ?????? ???? ?????? ,"?????? ????,??????? ????",???? ??? ,???? ,1,1000,??????,19.9,,
4030100,??? ?????? ???? ?????? ,"?????? ????,??????? ????",???? ??? ,???? ,1,1000,?????? ,16.5,,
4030544,??? ???????? ????,"?????? ????,??????? ????",???? ??? ,???? ,1,1000,?????? ,,,
7290016682342,??? ?????? ???? ?????? ,"?????? ????,??????? ???? ",???? ??? ,???? ,1,2000,?????? ,,,
,,,,,,,,,,
,,,,,,,,,,
72753,??? ??? ???? ?'???? ,??? ??? ,??? ??? ,??? ,1,200,?? ??? ,33.9,,??? ????
8801055707966,??? ??? ???? ?'???? ??????,??? ??? ,??? ??? ,??? ,1,180,?? ??? ,33.9,,??? ????
72777,??? ??? ???? ?'???? ???? ?????,??? ??? ,??? ??? ,??? ,1,200,?? ??? ,46.9,???? ???? ,??? ????
176420,??? ??? ???? ,??? ??? ,??? ??? ,??? ,1,200,????,21.1,???? ???? ,??? ????
176413,??? ??? ???? ,??? ??? ,??? ??? ,??? ,1,50,????,11.9,???? ???? ,
8714599512159,??? ??? ?'????,??? ??? ,??? ??? ,??? ,1,190,?'????,30.9,???? ???? ,
7290119372607,??? ??????? ???? ????? ,??? ??? ,??? ??? ,??? ,1,200,????,37.9,???? ???? ,
,,,,,,,,,,
,,,,,,,,,,
,??? ????? ????,??? ??? ,??? ???? ,???,1,150,????,13.9,,??? ???? 
,??? ????? ????,??? ??? ,??? ???? ,???,1,85,????,7.9,,??? ???? 
176079,??? ????? ?? ,??? ??? ,??? ???? ,???,1,100,????,9.9,,??? ???? 
2771111,??? ?? ???? ?? ??,??? ??? ,??? ???? ,???,1,250,?? ????,18.9,,
419107,??? ???? ?????? ?????? ,??? ??? ,??? ???? ,???,1,100,?????? ,9.9,,
419893,??? ???? ?????? ?????,??? ??? ,??? ???? ,???,1,100,?????? ,9.9,,
,,,,,,,,,,
6251275,?? ???? ???? ????? ,??? ??? ,?? ,?????? ,1,25,??????? ,24.9,,
6251374,?? ???? ??????? ?'???'?,??? ??? ,?? ,?????? ,1,25,??????? ,24.9,,
7290011126957,?? ???? ??? ???,??? ??? ,?? ,?????? ,1,25,??????? ,24.9,,
347738,?? ???? ???? ,??? ??? ,?? ,?????? ,1,25,??????? ,24.9,,
1491010,?? ???? ?????,??? ??? ,?? ,?????? ,1,25,??????? ,24.9,,
7290015150590,?? ???? ?'???'? ???? ,??? ??? ,?? ,?????? ,1,25,??????? ,24.9,,
7290012413636,?? ???? ?'?? ?????,??? ??? ,?? ,?????? ,1,25,??????? ,24.9,,
7290012413643,?? ???? ??????,??? ??? ,?? ,?????? ,1,25,??????? ,24.9,,
347752,?? ???? ??????? ??????,??? ??? ,?? ,?????? ,1,25,??????? ,24.9,,
346205,????? ?????? ????? ??? ?????,??? ??? ,?? ,?????? ,1,25,??????? ,19.5,,
346199,????? ????? ??? ??? ?????,??? ??? ,?? ,?????? ,1,25,??????? ,19.5,,
7290014002944,????? ???? ???? ,??? ??? ,?? ,?????? ,1,25,??????? ,19.5,,
7290011126209,????? ???? ?????? ?????,??? ??? ,?? ,?????? ,1,25,??????? ,19.5,,
346120,????? ??? ???????,??? ??? ,?? ,?????? ,1,25,??????? ,19.5,,
6251107,?? ?'?? ?????,??? ??? ,?? ,?????? ,1,25,??????? ,19.9,,
345536,?? ???? ,??? ??? ,?? ,?????? ,1,25,??????? ,19.5,,
7290014002203,????? ??????? ?????? ??? ????? ,??? ??? ,?? ,?????? ,1,25,??????? ,19.5,,
345291,?? ??? ???,??? ??? ,?? ,?????? ,1,25,??????? ,15.9,,
345260,?? ????? ,??? ??? ,?? ,?????? ,1,25,??????? ,6.9,,
345307,?? ??? ???,??? ??? ,?? ,?????? ,1,50,??????? ,27.9,,
1491096,?? ???? ??????? ?????? ,??? ??? ,?? ,?????? ,1,50,??????? ,44.9,,
6251589,?? ???? ???? ,??? ??? ,?? ,?????? ,1,50,??????? ,44.9,,
345284,?? ????? ,??? ??? ,?? ,?????? ,1,100,??????? ,19.9,,
,,,,,,,,,,
7290119373963,??????? ??? ?????? ???????? 06,??? ??? ,???????,???,1,50,????,17.9,,
7290105360335,??????? ??? ?????? 07,??? ??? ,???????,???,1,50,????,17.9,,
7290105360250,??????? ??? ?????? 09,??? ??? ,???????,???,1,50,????,17.9,,
7290105360328,??????? ??? ?????? 10,??? ??? ,???????,???,1,50,????,17.9,,
7290112350312,??????? ??? ?????? 15,??? ??? ,???????,???,1,50,????,17.9,,
7290107956901,??????? ??? ?????? 07 ???? ????? ??? ,??? ??? ,???????,???,1,50,????,17.9,,
7290119373956,??????? ??? ?????? 09 ?????,??? ??? ,???????,???,1,50,????,17.9,,
7290107937856,??????? ??? ?????? 11 ???????,??? ??? ,???????,???,1,50,????,17.9,,
7290119373970,??????? ??? ?????? 13 ?????,??? ??? ,???????,???,1,50,????,17.9,,
7290106669857,??????? ??? ?????? 07 ???? ,??? ??? ,???????,???,1,50,????,17.9,,
,,,,,,,,,,
,,,,,,,,,,
,,,,,,,,,,
,,,,,,,,,,
,,,,,,,,,,
,,,,,,,,,,
,,,,,,,,,,
,,,,,,,,,,
,,,,,,,,,,
,,,,,,,,,,
,,,,,,,,,,
,,,,,,,,,,
,,,,,,,,,,
,,,,,,,,,,
7290105964564,????? ????,????? ???????? ,?????,??? ,1,400,????,10.9,,
7290106576513,????? ??? ,????? ????????,?????,???,1,400,???,12.9,,
8645935,????? ???? ,????? ????????,?????,???,1,750,????,13.9,,
,????? ?? ????? ???? ,????? ????????,?????,???,1,400,????,,,
7290106573598,????? ?????? ???,????? ????????,?????,???,1,400,???,14.9,,
7290106573628,????? ?? ????? ???,????? ????????,?????,???,1,400,???,14.9,,
7290105963000,?????? ???? ,????? ????????,?????,???,1,400,????,13.9,,
7290104067679,????? ???? ,????? ????????,?????,???,1,400,???? ,13.9,,
7290106577541,???? ???? ??? ,????? ????????,?????,???,1,400,???,15.9,,
7290106577282,????? ?????? ???,????? ????????,?????,???,1,400,???,15.9,,
,,,,,,,,,,
,,,,,,,,,,
5174575,????? ???? ???? ,????? ????????,????? ,???,1,125,???? ,5.5,,
5174551,????? ???? ????,????? ????????,????? ,???,1,125,???? ,5.5,,
8644112,?????? ???? ???? ,????? ????????,????? ,???,1,125,???? ,5.5,,
,,,,,,,,,,
,???? ,,,,,,,,,
,???? ,,,,,,,,,
,,,,,,,,,,
,,,,,,,,,,
,,,,,,,,,,
,,,,,,,,,,
,,,,,,,,,,
,,,,,,,,,,
,,,,,,,,,,
,,,,,,,,,,
,,,,,,,,,,
3229222,???? ?? ???? ??? ,????? ????????,??????? ????????,???,1,300,???? ???,24.9,,
3229147,????  ?????? ???? ???,????? ????????,??????? ????????,???,1,300,???? ???,32.9,,
3229154,???? ?????? ???? ???,????? ????????,??????? ????????,???,1,300,???? ???,32.9,,
2900566,?????? ??????? ???? ??? ,????? ????????,??????? ????????,???,1,360,???? ???,31.9,,
3229116,?????? ???? ??? ??? ???? ??? ,????? ????????,??????? ????????,???,1,400,???? ???,32.9,,
7290013906205,?????? ??? ??'??? ,????? ????????,??????? ????????,???,1,400,???? ???,31.9,,
3229123,?????? ?? ????? ???? ???,????? ????????,??????? ????????,???,1,400,???? ???,33.9,,
6742292,?????? ???? ???????,????? ????????,??????? ????????,???,1,330,???????,29.9,,
6742278,?????? ????? ??????? ,????? ????????,??????? ????????,???,1,330,???????,29.9,,
6742315, ?????? ???? ??????? ???????,????? ????????,??????? ????????,???,1,330,???????,29.9,,
7290013906687,??????+ ???? ???? ???? ???,????? ????????,??????? ????????,???,1,,,????? ?? ???,,
2371533,?????? ?????? ???? ?????? ,????? ????????,??????? ????????,???,1,120,???? ???,16.9,,
364292,?????? ?????? ?? ????? ??????,????? ????????,??????? ????????,???,1,120,???? ???,16.9,,
364285,?????? ???? ??????,????? ????????,??????? ????????,???,1,120,???? ???,16.9,,
364261,?????? ???  ??? ??????,????? ????????,??????? ????????,???,1,120,???? ???,16.9,,
364278,?????? ???? ??????,????? ????????,??????? ????????,???,1,120,???? ???,16.9,,
,,,,,,,,,,
,,,,,,,,,,
,,,,,,,,,,
,,,,,,,,,,
7290013906441,????? ???? ???,??????? ??????,??????? ????????,???,1,120,???? ???,12.9,,
7290012226120,????? ??????? ,??????? ??????,??????? ????????,???,1,135,???????,12.9,,
,,,,,,,,,,
,,,,,,,,,,
,,,,,,,,,,
,,,,,,,,,,
,,,,,,,,,,
7290112498915,???? ????? ?????,?????? ,????? ?????? ,?????? ,1,5,?????,33.9,,
7290112498922,???? ????? ??? ,?????? ,????? ?????? ,?????? ,1,5,?????,33.9,,
,,,,,,,,,,
,,,,,,,,,,
,,,,,,,,,,
,,,,,,,,,,
,,,,,,,,,,
7290111566127,????? ????? ,??????,????? ?????? ,?????? ,1,6,?????,25.9,,
7290019816416,???? ?????' ???????? ,??????,????? ?????? ,?????? ,1,5,?????,29.9,,
7290019816652,???? ?????' ???? ?????? ,??????,????? ?????? ,?????? ,1,5,?????,29.9,,
7290019816058,???? ?????' ???????,??????,????? ?????? ,?????? ,1,5,?????,29.9,,
7290111564239,???? ?????' ????,??????,????? ?????? ,?????? ,1,5,?????,29.9,,
,,,,,,,,,,
,,,,,,,,,,
1216040,????? ?????? ?? ??? ,??????? ????? ????? ,????? ,???,1,500,?? ??? ,17.9,,
1407936,????? ?????? ??????,??????? ????? ????? ,????? ,???,1,310,?????,14.9,,
61085,???? ???? ???? ?? ??? ,??????? ????? ????? ,????? ,"?""?",1,290,???,12.9,,
7290112967572,???? ??????? ??  ???,??????? ????? ????? ,????? ,"?""?",1,290,???,12.9,,
7290115207682,???? ???? ???? ?? ???,??????? ????? ????? ,????? ,"?""?",1,330,???,12.9,,
61108,???? ?????? ?? ???,??????? ????? ????? ,????? ,"?""?",1,290,???,12.9,,
7290112964410,???? ??? ????? ?? ????,??????? ????? ????? ,????? ,???,1,290,???,13.9,,
7290112495785,???? ??? ????? ,??????? ????? ????? ,????? ,???,1,300,?????,12.9,,
7290112495754,???? ??? ????? ?????,??????? ????? ????? ,????? ,???,1,300,?????,12.9,,
7290116531793,???? ???? ????? ,??????? ????? ????? ,????? ,???,1,295,?????,12.9,,
111186,????? ????? ??  ???? ,??????? ????? ????? ,????? ,???,1,500,????,13.5,,
120836,????? ????? ?? ????? ,??????? ????? ????? ,????? ,???,1,394,?????,15.9,,
120874,???? ????? ????? ??????? ,??????? ????? ????? ,????? ,???,1,424,?????,14.5,,
5000157143365,????? ?????? ???? ?? ?????,??????? ????? ????? ,????? ,???,1,425,?????,17.5,,
8715700422473,???? ???? ?? ?????,??????? ????? ????? ,????? ,???,1,395,?????,15.9,,
8715700110141,???? ????? ?? ?????,??????? ????? ????? ,????? ,???,1,460,?????,16.9,,
72623,????? ????? ???? ?? ???,??????? ????? ????? ,????? ,???,1,750,???,14.9,,
7290115204056,????? ????? ???? ?? ???,??????? ????? ????? ,????? ,???,1,690,???,14.5,,
8715700419732,????? ???? ?? ?????,??????? ????? ????? ,????? ,???,1,700,?????,13.9,,
7290114600941,????? ???? ?? ????? ??,??????? ????? ????? ,????? ,???,1,435,????? ??,15.9,,
111360,???? ????? ?? ????,??????? ????? ????? ,????? ,???,1,250,????,8.9,,
3450602,???? ???? ?? ?????,??????? ????? ????? ,????? ,???,1,255,?????,12.5,,
,,,,,,,,,,
,,,,,,,,,,
272726,???? 5% ?? ???,??????? ????? ?????,???? ???? ????? ,????,1,????,????,8.5,,
272696,??? ????? ?? ??? ,??????? ????? ?????,???? ???? ????? ,????,1,????,????,12.9,,
7290106668577,??? ????? ?? ?? ????? ,??????? ????? ?????,???? ???? ????? ,"?""?",1,250,?? ?????,8.9,,
32147230,??? ????? ????? ?? ??????? ,??????? ????? ?????,???? ???? ????? ,"?""?",1,200,???????,9.5,,
,,,,,,,,,,
,,,,,,,,,,
5287206,???? ???? ??????? ?? ????????,??????? ????? ?????,???? ????? ,???,1,160*4,????????,25.9,,
5287251,???? ???? ??????? ?? ???????? ,??????? ????? ?????,???? ????? ,???,1,160*4,????????,25.9,,
7290017617015,???? ???? ??????? ?? ????????,??????? ????? ?????,???? ????? ,???,1,140*3,????????,20.9,,
7290000450209,???? ???? ????? ???? ?? ???????,??????? ????? ?????,???? ????? ,???,1,108,???????,6.9,,
,,,,,,,,,,
,,,,,,,,,,
,,,,,,,,,,
,,,,,,,,,,
7290113192539,???????? ?????? ???? 7-9 ??? ?????,??????? ????? ?????,???????? ??????\????,???,1,560,??? ????? ,7.9,,
7290113192478,???????? ?????? ???? 10-12 ??? ?????,??????? ????? ?????,???????? ??????\????,???,1,560,??? ????? ,9.9,,
7290113192553,???????? ????? ???? 13-17 ?? ??? ?????,??????? ????? ?????,???????? ??????\????,???,1,560,??? ????? ,11.9,,
7290113192515,???????? ???? 18-25  ??? ?????,??????? ????? ?????,???????? ??????\????,???,1,560,??? ????? ,14.9,,
7290113192546,????????  ?????? ????? 7-9 ??? ????? ,??????? ????? ?????,???????? ??????\????,???,1,560,??? ????? ,7.9,,
7290113192485,???????? ?????? ????? 10-12 ??? ?????,??????? ????? ?????,???????? ??????\????,???,1,560,??? ????? ,8.9,,
7290113192492,???????? ?????? ????? 13-17 ??? ?????,??????? ????? ?????,???????? ??????\????,???,1,560,??? ????? ,11.9,,
7290113192522,???????? ?????? ????? 18-25 ??? ?????,??????? ????? ?????,???????? ??????\????,???,1,560,??? ????? ,12.9,,
2057352,???????? ?????? ???? 7-9 ????? ???? ,??????? ????? ?????,???????? ??????\????,???,1,560,????? ???? ,6.9,,
2057369,???????? ?????? ???? 10-12 ????? ???? ,??????? ????? ?????,???????? ??????\????,???,1,560,????? ???? ,8.5,,
2057376,???????? ?????? ???? 13-17 ????? ????,??????? ????? ?????,???????? ??????\????,???,1,560,????? ???? ,8.9,,
2057383,???????? ?????? ???? 18-25 ????? ????,??????? ????? ?????,???????? ??????\????,???,1,560,????? ???? ,11.9,,
7290113192546,???????? ?????? ????? 7-9 ????? ???? ,??????? ????? ?????,???????? ??????\????,???,1,560,????? ???? ,7.9,,
7290113192485,???????? ????? 10-12 ????? ???? ,??????? ????? ?????,???????? ??????\????,???,1,560,????? ???? ,8.9,,
7290113192492,???????? ?????? ????? 13-17 ????? ????,??????? ????? ?????,???????? ??????\????,???,1,560,????? ???? ,11.9,,
2057482,???????? ?????? ????? 18-25 ????? ???? ,??????? ????? ?????,???????? ??????\????,???,1,560,????? ???? ,12.9,,
,,,,,,,,,,
,,,,,,,,,,
,,,,,,,,,,
7290019233114,??? ???? ????? ????? ?? ????,??????? ????? ?????,?????? ?????,???,1,215,????,15.9,,
7290113192355,?????? ????? ??? ?????,??????? ????? ?????,?????? ?????,???,1,560,??? ?????,13.9,,
7290113192362,????? ?????? ????? ??? ?????,??????? ????? ?????,?????? ?????,???,1,560,??? ?????,12.9,,
7290113193017,?????? ??????? ????? ??? ?????,??????? ????? ?????,?????? ?????,???,1,275,??? ?????,16,,
7290113193031,?????? ??? ????? ???? ??? ?????,??????? ????? ?????,?????? ?????,???,1,560,??? ?????,15.9,,
7290113192331,????? ?????? ????? ??? ?????,??????? ????? ?????,?????? ?????,???,1,560,??? ?????,12.9,,
7290113192324,????? ?????? ????? ????????  ??? ????? ,??????? ????? ?????,?????? ?????,???,1,560,??? ?????,10.5,,
7290113192386,?????  ???? ????? ??? ????? ,??????? ????? ?????,?????? ?????,???,1,340,??? ?????,14.9,,
2057123,????? ??? ????? ????? ????? ????,??????? ????? ?????,?????? ?????,???,1,540,????? ???? ,9.9,,
,,,,,,,,,,
,,,,,,,,,,
,,,,,,,,,,
,,,,,,,,,,
4063016,??? ????? 1 ???? ,??????? ????? ?????,???,"?""?",1,1,????,2.07,,
523224,??? ????  500 ??? ,??????? ????? ?????,???,???,1,500,??? ????,8.5,,
523125,??? ???? 250 ???,??????? ????? ?????,???,???,1,250,??? ????,5.9,,
,,,,,,,,,,
3643646,???? ??? ????? ?? ????,??????? ????? ????? ,????,"?""?",1,1,????,13.9,,
3643387,???? ??? ????? ?????? ?? ????,??????? ????? ????? ,????,"?""?",1,1,????,11.9,,
7290000211503,???? ??? ????? ?? ???? ,??????? ????? ????? ,????,"?""?",1,1,????,6,,
,,,,,,,,,,
,,,,,,,,,,
,,,,,,,,,,
134826,???? ?????? ?? ??? ???? ,??????? ????? ?????,???????,???,1,100,??? ????,11.9,,
7.29001E+12,?????? ???? ?? ?????,??????? ????? ?????,???????,???,1,100,?????,11.5,,
7290010002092?,???? ???? ?? ????? ,??????? ????? ?????,???????,???,1,120,?????,16.7,,
7.29001E+12, ?'??? ???? ?? ?????,??????? ????? ?????,???????,???,1,90,?????,16.7,,
,,??????? ????? ?????,???????,???,1,70,?????,12.9,,
,,,,,,,,,,
,,,,,,,,,,
,,,,,,,,,,
,,,,,,,,,,
,,,,,,,,,,
,,,,,,,,,,
,,,,,,,,,,
,,,,,,,,,,
,,,,,,,,,,
,,,,,,,,,,
,,,,,,,,,,
,,,,,,,,,,
,,,,,,,,,,
,,,,,,,,,,
,,,,,,,,,,
,,,,,,,,,,
,,,,,,,,,,
7290005591761,???  ???? ???? ?? ?? ????? ,??????? ????? ?????,??? ??????,???,1,400,?? ?????,26.9,,
7290002130567,??? ???? ?????? ?? ?? ?????,??????? ????? ?????,??? ??????,???,1,350,?? ?????,19.9,,
7290012983160,????? ????? ????? ???? 400  ???,??????? ????? ?????,??? ??????,???,1,400,??? ???? ,11.5,,
,????? ????? ????? ???? 650 ???,??????? ????? ?????,??? ??????,???,1,650,??? ???? ,16.9,,
,,,,,,,,,,
6374738,????????? ??? ??? ??????  ?? ?? ????? ,??????? ????? ????? ,????? ???????????,???,1,340,?? ?????,15.9,,
7290107954709,????????? ????? ??? ?????? ?? ?? ?????,??????? ????? ????? ,????? ???????????,???,1,340,?? ?????,15.9,,
7290107945165,????????? ???? ?????? ?? ?? ?????,??????? ????? ????? ,????? ???????????,???,1,340,?? ?????,15.9,,
,,,,,,,,,,
416021,?????? ???? ???? ,??????? ????? ?????,?????? ,???,1,500,????,15.9,,
416618,?????? ???? ??? ?????,??????? ????? ?????,?????? ,???,1,400,????,13.5,,
80177173, ???? ?????? ????? 350 ???,??????? ????? ?????,?????? ,???,1,350,?????,17.9,,
80176800,???? ?????? ????? 750 ???,??????? ????? ?????,?????? ,???,1,750,?????,32.9,,
446547,???? ?????? ????? 350 ??? ?? B&D,??????? ????? ?????,?????? ,???,1,350,??? & ??????,14.9,,
,,,,,,,,,,
,,,,,,,,,,
7290016246018,???? ????????  ?? ?????,??????? ????? ????? ,????,???,1,10 * 20 ,?????,13.9,,
7290011378769,????? ???? ???? ???? ????? ?? ?????,??????? ????? ????? ,????,???,1,18*7,?????,13.5,,
7290011378776,????? ???? ?????? ????? ?? ?????,??????? ????? ????? ,????,???,1,18*7,?????,13.5,,
,,,,,,,,,,
,,,,,,,,,,
,,,,,,,,,,
,,,,,,,,,,
,,,,,,,,,,
7290100245231, ??? ??? ??? ?? ?????? ????? ??? ??? ????,??????? ????? ?????,????? ,???,1,50,????,7.9,,
117720,??? ??? ?????? ??? ???? ,??????? ????? ?????,????? ,???,1,2*21.5,???? ,7.9,,
169538, ??? ??? ??????? ?? ???????? ??? ???? ,??????? ????? ?????,????? ,???,1,62,???? ,7.9,,
7290112490032,??? ??? ???? ??? ???? ,??????? ????? ?????,????? ,???,1,45,???? ,7.9,,
,,,,,,,,,,
,,,,,,,,,,
73774,??? ???  ???? ????? ??? ?? ???,??????? ????? ????? ,???? ????,???,1,70,??? ???,7.5,,
7290100680650,??? ??? ???? ????? ??????? ?? ???,??????? ????? ????? ,???? ????,???,1,76,??? ???,7.5,,
7290100680667,??? ??? ???? ?????? ?? ???,??????? ????? ????? ,???? ????,???,1,76,??? ??? ,7.5,,
73750,??? ??? ???? ??? ?? ??? ,??????? ????? ????? ,???? ????,???,1,70,??? ??? ,7.5,,
73767,??? ??? ???? ??? ?? ??? ,??????? ????? ????? ,???? ????,???,1,70,??? ???,7.5,,
64871,??? ??? ???? ?? ??? ?? ???,??????? ????? ????? ,???? ????,???,1,56,??? ???,7.5,,
65335,??? ??? ???? ?? ?????,??????? ????? ????? ,???? ????,???,1,55,??? ???,7.5,,
65557,??? ??? ?????? ?? ????? ?? ???,??????? ????? ????? ,???? ????,???,1,84,??? ???,7.5,,
,,,,,,,,,,
,,,,,,,,,,
63140,???? ??? ????? ?? ???,??????? ????? ?????,???? ???,???,1,400,???,12.9,,
68701,???? ??? ?????? ?? ??? ,??????? ????? ?????,???? ???,???,1,400,???,16.9,,
62952,???? ???????? ???? ,??????? ????? ?????,???????? ,???,1,250,???,15.9,,
6983152,???????? ???? ?? ???,??????? ????? ?????,???????? ,???,1,400,???,21.9,,
78212,  ???????? ??????? ???? ?? ??? 250 ??',??????? ????? ?????,???????? ,???,1,250,???,15.9,,
,,,,,,,,,,
,,,,,,,,,,
,,,,,,,,,,
,,,,,,,,,,
,,,,,,,,,,
,,,,,,,,,,
,,,,,,,,,,
,,,,,,,,,,
,,,,,,,,,,
,,,,,,,,,,
,,,,,,,,,,
,,,,,,,,,,
,,,,,,,,,,
,,,,,,,,,,
,,,,,,,,,,
,,,,,,,,,,
,,,,,,,,,,
,,,,,,,,,,
,,,,,,,,,,
,,,,,,,,,,
,,,,,,,,,,
,,,,,,,,,,
,,,,,,,,,,
,,,,,,,,,,
,,,,,,,,,,
,,,,,,,,,,
,,,,,,,,,,
,,,,,,,,,,
,,,,,,,,,,
,,,,,,,,,,
,,,,,,,,,,
,,,,,,,,,,
,,,,,,,,,,
,,,,,,,,,,
,,,,,,,,,,
,,,,,,,,,,
,,,,,,,,,,
,,,,,,,,,,
,,,,,,,,,,
,,,,,,,,,,
,,,,,,,,,,
,,,,,,,,,,
,,,,,,,,,,
,,,,,,,,,,
,,,,,,,,,,
,,,,,,,,,,
,,,,,,,,,,
,,,,,,,,,,
,,,,,,,,,,
,?????? ??? ??? ????? ,?????? ????? ???? ,????????,???,1,100,???,7.5,,
170053,?????? ??? ?????,?????? ????? ???? ,????????,???,1,100,???,7.5,,
,?????? ???? ????? ,?????? ????? ???? ,????????,???,1,100,???,7.5,,
180212,?????? ???? ????? ?? ???? ?????? ,?????? ????? ???? ,????????,???,1,100,???,7.5,,
3903955,?????? ??? ????? ?? ??? ??? ,?????? ????? ???? ,????????,???,1,100,???,7.5,,
8750400,?????? ??? ??? ?????  ?? ???? ?????? ,?????? ????? ???? ,????????,???,1,100,???,7.5,,
8750677,?????? ?????? ??? ????? ?? ??? ,?????? ????? ???? ,????????,???,1,100,???,7.5,,
7290104724718,?????? ??? ?????  ?? ??? ????,?????? ????? ???? ,????????,???,1,100,???,6.9,,
7290112351104,?????? ??? ?????  ?? ?????? ???? ,?????? ????? ???? ,????????,???,1,100,???,7.5,,
7290112351128,?????? ??? ????? ?? ??????? ??????,?????? ????? ???? ,????????,???,1,90,???,7.5,,
7290112358844,?????? ??? ????? ?? ????  ?????? ,?????? ????? ???? ,????????,???,1,100,???,7.5,,
7290106722415,?????? ??? ??????? ??? ????? ?? ???,?????? ????? ???? ,????????,???,1,100,???,7.5,,
7622201802394,????? ?????? ??? ,?????? ????? ???? ,????????,???,1,100,?????,8.5,,
4025700001962,????? ?????? ??? ,?????? ????? ???? ,????????,???,1,100,?????,6.9,,
7290100854266,?????? ???? ????? 60%,?????? ????? ???? ,????????,???,1,100,???,9.9,,
3046920028004,????? ?????? ???? 70%,?????? ????? ???? ,????????,???,1,100,?????,13.9,,
7610400010481,?????? ????? ?????? ?????? ??? ????? ,?????? ????? ???? ,????????,???,1,100,?????,14.9,,
7290008748384,?????? ??????? ????  70%,?????? ????? ???? ,????????,???,1,100,??????? ,13.9,,
7290105961525,?????? ??????? ???? 85%,?????? ????? ???? ,????????,???,1,100,??????? ,13.9,,
7290112349668,?????? ??????? ???? 90 %,?????? ????? ???? ,????????,???,1,100,??????? ,13.9,,
7290119377077,?????? ???? ??? ???? ?? ????,?????? ????? ???? ,????????,???,1,100,????,11.9,,
7290119377084,?????? ???? ?????? ?? ????,?????? ????? ???? ,????????,???,1,100,????,11.9,,
178103,?????? ??? ??????? ?? ????,?????? ????? ???? ,????????,???,1,100*4,????,25,,
178134,??????  ??? ???? ??????? ?? ????,?????? ????? ???? ,????????,???,1,100*4,????,25,,
,,,,,,,,,,
7290105362377,??? ?? ?????? ?? ????,?????? ????? ???? ,????? ?????? ,???,1,45,????,5,,
72917329,????? ???? ?????? ?? ???? ,?????? ????? ???? ,????? ?????? ,???,1,45,????,4.9,,
72917367,???? ???? ?? ???? ,?????? ????? ???? ,????? ?????? ,???,1,40,????,4.9,,
72918388,?????? ???? ?????? ?? ????,?????? ????? ???? ,????? ?????? ,???,1,28,????,4.9,,
72917589,?????? ???? ?????? ?? ????,?????? ????? ???? ,????? ?????? ,???,1,25,????,4.9,,
7290106658479,?????? ???? ?????? ????? ?? ????,?????? ????? ???? ,????? ?????? ,???,1,40,????,4.9,,
7290106724990,?????? ???? ???? ?????? ????? ?? ????,?????? ????? ???? ,????? ?????? ,???,1,40,????,4.9,,
72991008,??? ??? ????? ???? ?????? ,?????? ????? ???? ,????? ?????? ,???,1,45,??? ???,5.9,,
72992357,??? ??? ??? ???? ???? ?????? ,?????? ????? ???? ,????? ?????? ,???,1,52,??? ???,5.9,,
80050278,??????? ???? ???? ,?????? ????? ???? ,????? ?????? ,???,1,38,????,6.5,,
7290112494221,???? ????????? ????  65 ??',?????? ????? ???? ,????? ?????? ,???,1,65,????,7.9,,
7290112494313,????  ???????? ???? 65 ??',?????? ????? ???? ,????? ?????? ,???,1,65,????,7.9,,
7290112494238,???? ?????? ???? 65 ??',?????? ????? ???? ,????? ?????? ,???,1,65,????,7.9,,
7290112494276,???? ????? ???? 65 ??',?????? ????? ???? ,????? ?????? ,???,1,65,????,7.9,,
80136194,???? ??? ????  ??? ???? ?????? ,?????? ????? ???? ,????? ?????? ,?????,1,5,?????,15.5,,
8000500023624,???? ??? ???? ???? ?????? ,?????? ????? ???? ,????? ?????? ,?????,1,5,?????,15.5,,
7290010116348,???? ???? ????? ?????? ???? ?? ????,?????? ????? ???? ,????? ?????? ,???,1,390,????,31.9,,
5000159561228,???? ????? ????? ????? ?????? ,?????? ????? ???? ,????? ?????? ,???,1,400,??????,24.5,,
,,,,,,,,,,
80896081,"????? ????? ???? ??? ???? ?????  ??""?",?????? ????? ???? ,??????? ????????,???,1,60,????? ,11,,
80790990,"????? ????? ???? ??? ???? ????? ??""? ",?????? ????? ???? ,??????? ????????,???,1,60,????? ,11,,
80995128,"????? ????? ???? ??? ???? ????? ??""?",?????? ????? ???? ,??????? ????????,???,1,60,????? ,11,,
80913467,"????? ????? ???? ??? ???? ???? ??""?",?????? ????? ???? ,??????? ????????,???,1,60,????? ,11,,
7290106721920,"????? ???? ???? ???? ?????  ??""?",?????? ????? ???? ,??????? ????????,???,1,66,????,11,,
7290110556563,"????? ???? ???? ??? ??""?",?????? ????? ???? ,??????? ????????,???,1,58,????,11.5,,
7290104068539,"????? ???? ???? ????? ???? ??""?",?????? ????? ???? ,??????? ????????,???,1,28,????,4.9,,
7290104068546,"????? ???? ???? ???? ????? ??""?",?????? ????? ???? ,??????? ????????,???,1,28,????,4.9,,
7290008754415,"????? ???? ???? ???? ?????  ??""?",?????? ????? ???? ,??????? ????????,???,1,28,????,4.9,,
7290005199738,"????? ???? ???? ???? ?????? ??""?",?????? ????? ???? ,??????? ????????,???,1,28,????,4.9,,
7290008750264,"????? ???? ???? ?????? ??""?",?????? ????? ???? ,??????? ????????,???,1,28,????,4.9,,
7290102035007,"????? ????? ??""? ?? ????",?????? ????? ???? ,??????? ????????,???,1,28,????,4.9,,
7290104060403,"????? ????? ???? ????? ??""? ?? ????",?????? ????? ???? ,??????? ????????,???,1,28,????,4.9,,
7290112336637,"???? ??????? ???? ???????? ???? ??""?",?????? ????? ???? ,??????? ????????,???,1,80,????,9.9,,
7290112337474,"???? ??????? ???? ??? ????? ??""?",?????? ????? ???? ,??????? ????????,???,1,80,????,9.9,,
7290112336644,"???? ??????? ???? ????? ??""?",?????? ????? ???? ,??????? ????????,???,1,80,????,9.9,,
77245110610,"???? ??????? ???? ???? ??""?",?????? ????? ???? ,??????? ????????,???,1,80,????,9.9,,
7290112336651,"???? ??????? ???? ???? ??? ??""?",?????? ????? ???? ,??????? ????????,???,1,80,????,9.9,,
4014400914696,"????? ??????? ???? ??""? ",?????? ????? ???? ,??????? ????????,???,1,80,?????,9.9,,
,,,,,,,,,,
,,,,,,,,,,
6681560, ????? ????? ???? ?? ?????? ,?????? ????? ????,?????,???,1,29*8,??????,20.9,,
6681553,????? ????? ???? ?? ?????? ,?????? ????? ????,?????,???,1,29*8,??????,20.9,,
,,,,,,,,,,
,,,,,,,,,,
,,,,,,,,,,
7622300489434,?????? ????? ?????? ,?????? ????? ???? ,?????? ??????,???,1,246,????? ,17.9,,
7622300489427,?????? ????? ?????? ??? ,?????? ????? ???? ,?????? ??????,???,1,246,????? ,17.9,,
181103,?????? ????????? ?? ????  ,?????? ????? ???? ,?????? ??????,???,1,200,????,17.9,,
5199622,?????? ????????? ?? ???? ?????? ???? ,?????? ????? ???? ,?????? ??????,???,1,200,????,17.9,,
8775823,??????? ??? ?? ??? ,?????? ????? ???? ,?????? ??????,???,1,300,???,11.9,,
8775816,??????? ?????? ?? ???,?????? ????? ???? ,?????? ??????,???,1,300,???,11.9,,
77017,?????? ??????? ??? ?????? ?? ???,?????? ????? ???? ,?????? ??????,???,1,200,???,12.9,,
7290118420057,?????? ??????? ??? ?????? ?? ???,?????? ????? ???? ,?????? ??????,???,1,200,???,12.9,,
313160,?????? ???? ???? ?????? ?? ??? ,?????? ????? ???? ,?????? ??????,???,1,250,???,8.9,,
7290112346537,?????? ??? ??? ?? ????,?????? ????? ???? ,?????? ??????,???,1,200,????,14.9,,
7290000074153,????? ???? ???? ?? ???,?????? ????? ???? ,?????? ??????,???,1,500,???,15.9,,
,????? ????? ?? ??? ,?????? ????? ???? ,?????? ??????,???,1,500,???,15.9,,
,,,,,,,,,,
,,,,,,,,,,
,,,,,,,,,,
174099,????? ?? ???? ???? ?????? 500??',?????? ????? ???? ,??????,???,1,500,????,16.9,,
7290107951104,????? ?????? ?? ???? 200??',?????? ????? ???? ,??????,???,1,200,????,6.5,,
7290107951111,????? ????? ?? ???? 200 ??',?????? ????? ???? ,??????,???,1,200,????,6.5,,
311203,????? ???? ?????? ?? ?? ,?????? ????? ???? ,??????,???,1,200,??,6,,
8000380007219,?????? ???? ?????? ?? ????? ,?????? ????? ???? ,??????,???,1,175,?????,13.9,,
7290112331946,?????? ???? ?????? ??? ???? ,?????? ????? ???? ,??????,???,1,120,??? ????,14.9,,
7290106520066,?????? ?????? ??? ???? ?????,?????? ????? ???? ,??????,???,1,160,??? ????,16.9,,
8000380004911,????? ????? ????????? ???? ????? ,?????? ????? ???? ,??????,???,1,250,?????,16.9,,
,????? ????? ????????? ???? ,?????? ????? ???? ,??????,???,1,250,?????,16.9,,
,????? ????? ????????? ???? ??? ,?????? ????? ???? ,??????,???,1,250,?????,16.9,,
,,,,,,,,,,
74153,????? ???? ???? ?? ???,?????? ????? ????,???????????,???,1,500,???,15.9,,
74184,????? ????????? ????? ?? ???,?????? ????? ????,???????????,???,1,500,???,14.5,,
,,,,,,,,,,
2132011,?????? ????? ??????? ?? ??????,?????? ????? ????,?????? ??????,???,1,400,?????,19.5,,
856591000055,?????? ????? ??????? ??????,?????? ????? ????,?????? ??????,???,1,400,?????,19.5,,
856591000109,?????? ????? ??????? ?????? ,?????? ????? ????,?????? ??????,???,1,400,?????,19.5,,
856591000109,?????? ????? ??????? ?????? ?????? ,?????? ????? ????,?????? ??????,???,1,400,?????,19.5,,
,,,,,,,,,,
,,,,,,,,,,
7290112963918,????? ???? ???????,?????? ????? ???? ,??????,???,1,148,?????,13.3,,
7290112968821,????? ???? ???? ,?????? ????? ???? ,??????,???,1,148,?????,13.3,,
7290112968807,????? ???? ??? ,?????? ????? ???? ,??????,???,1,148,?????,13.3,,
74375,???? ??? ?? ??? ,?????? ????? ???? ,??????,???,1,150,???,7.9,,
74252,???? ?????? ?? ???,?????? ????? ???? ,??????,???,1,150,???,10.5,,
7290000075204,????? ???? ???? ?? ???,?????? ????? ???? ,??????,???,1,250,???,10,,
74481,????? ?????? ?? ??? ,?????? ????? ???? ,??????,???,1,160,???,10,,
77253,????? ????? ?? ??? ,?????? ????? ???? ,??????,???,1,190,???,10,,
7.29011E+12,????? 5 ????? ?? ??? ,?????? ????? ???? ,??????,???,1,190,???,10,,
7.29011E+12,????? ?????? ???  ???? ?????? ?? ???,?????? ????? ???? ,??????,???,1,60,???,9,,
7.29011E+12,????? ?????? ???? ??????,?????? ????? ???? ,??????,???,1,60,???,9,,
,,,,,,,,,,
7.29011E+12,??????? ????? ??????? ???? ???? ,?????? ????? ???? ,???????,???,1,30,?????,6.5,,
7.29011E+12,??????? ????? ???????? ??? ?? ,?????? ????? ???? ,???????,???,1,30,?????,6.5,,
7.29012E+12,"??????? ????? ??????? ???""? ??????",?????? ????? ???? ,???????,???,1,30,?????,6.5,,
7.29012E+12,"??????? ????? ??????? ???""? ????",?????? ????? ???? ,???????,???,1,30,?????,6.5,,
7.29011E+12,??????? ????? ?????? ????? ?????? ??????,?????? ????? ???? ,???????,???,1,135,?????,12.5,,
7.29011E+12,??????? ????? ?????? 3 ?????,?????? ????? ???? ,???????,???,1,135,?????,12.5,,
7.29011E+12,??????? ????? ?????? ???? ???? ,?????? ????? ???? ,???????,???,1,135,?????,12.5,,
68343,???????? ????? ??? ?? ???,?????? ????? ???? ,???????,???,1,140,???,9.9,,
9.32297E+12,"??????? ???? ?????? ???""?",?????? ????? ???? ,???????,???,1,140,??? ???,16.9,,
,,,,,,,,,,
,,,,,,,,,,
7.29011E+12,???????? ?????? ,?????? ????? ????,????????,???,1,850,????,23.9,,
7.29012E+12,???????? ?????,?????? ????? ????,????????,???,1,686,????,29.5,,
7.29011E+12,???????? ??? ????,?????? ????? ????,????????,???,1,400,????,23.5,,
3.38739E+12,???????? ????? ,?????? ????? ????,                 ,???,1,375,?????,22.9,,
7.61303E+12,???????? ????? ?????? ,?????? ????? ????,????????,???,1,375,?????,22.9,,
7.61304E+12,???????? ????? ????? ????,?????? ????? ????,????????,???,1,375,?????,22.9,,
,,,,,,,,,,
7.29001E+12,???? ???? ??? ????? ,?????? ???? ???? ,????? ?????,???,1,125,???? ???? ,12.5,,
7.29001E+12,???? ???? ?????? ??????,?????? ???? ???? ,????? ?????,???,1,125,???? ???? ,12.5,,
8.42321E+12,???? ???? ?????? ?????,?????? ???? ???? ,????? ?????,???,1,125,???? ???? ,12.5,,
8.42321E+12,???? ???? ?????? ??? ,?????? ???? ???? ,????? ?????,???,1,125,???? ???? ,12.5,,
4.0118E+12,????? ?????? ????? ????? ,?????? ???? ???? ,????? ?????,???,1,25*6,?????,13.9,,
4.0118E+12,????? ?????? ???? ???? ????? ,?????? ???? ???? ,????? ?????,???,1,25*6,?????,13.9,,
4.0118E+12,????? ?????? ???? ????? ????? ?????,?????? ???? ???? ,????? ?????,???,1,25*6,?????,13.9,,
8.41008E+12,???? ?????? ???? ???? ?????? ?????? ????,?????? ???? ???? ,????? ?????,???,1,210,?????? ???? ,18.9,,
16000548602,???? ????? ?????? ???? ???? ?????? ,?????? ???? ???? ,????? ?????,???,1,42*5,?????? ???? ,18.9,,
16000548503,???? ????? ?????? ???? ???? ?????,?????? ???? ???? ,????? ?????,???,1,42*5,?????? ???? ,18.9,,
16000548404,???? ????? ????? ???? ???? ???,?????? ???? ???? ,????? ?????,???,1,42*5,?????? ???? ,18.9,,
7.29011E+12,???? ???? ???? ,?????? ???? ???? ,????? ?????,???,1,26,????,14.9,,
7.29011E+12,???? ???? ???? ?????? ????,?????? ???? ???? ,????? ?????,???,1,26,????,14.9,,
7.29011E+12,?????? ???? ????? ?? ??????? ???? ?????? ,?????? ???? ???? ,????? ?????,???,1,21,????,15.9,,
,,,,,,,,,,
,,,,,,,,,,
5.00011E+12,?????? ?????? ???? ????? ,?????? ???? ???? ,?????? ,???,1,500,??????,13.9,,
,,,,,,,,,,
,,,,,,,,,,
,,,,,,,,,,
7.29011E+12,?????? ????? ????? ?? ??? ?? ??? ,?????? ???? ????,?????? ???????,???,1,400,???,10.3,,
60088,?????? ????? ????? ?? ??? ?? ??? ,?????? ???? ????,?????? ???????,???,1,400,??? ,11.9,,
81663,?????? ????? ????? ?? ?????? ?? ???,?????? ???? ????,?????? ???????,???,1,300,???,11.9,,
76133,?????? ??????? ????? ?? ??? ?? ???,?????? ???? ????,?????? ???????,???,1,400,???,12.3,,
71008,?????? ????? ?????? ?? ??? ?? ???,?????? ???? ????,?????? ???????,???,1,60,???,4.5,,
,,,,,,,,,,
,,,,,,,,,,
,,,,,,,,,,
,,,,,,,,,,
,,,,,,,,,,
,,,,,,,,,,
72753,????? ???? ??? ??? ,???? ???? ??? ,???,???,1,200,?? ???,39.9,,
72777,????? ???? ??? ??? ???? ?????,???? ???? ??? ,???,???,1,200,?? ??? ,46.9,,
176420,??? ??? ?? ???? ,???? ???? ??? ,???,???,1,200,????,24.9,,
7290103401429,??? ??? ????? ??????? ?? ????,???? ???? ??? ,???,???,1,200,???? ,32.9,,
7290110579302,??? ??? ?????? ??????? ?? ????,???? ???? ??? ,???,???,1,200,????,33.9,,
174723,??????? ,???? ???? ??? ,???????,???,1,500,????,16.9,,
7290106650930,??? ????? ???? ???? 85 ??',???? ???? ??? ,???,???,1,85,????,7.9,,
7290106521926,??? ????? ???? ???? 150 ??',???? ???? ??? ,???,???,1,150,????,14.9,,
419107,??? ?????? ??? ???? ????? ,???? ???? ??? ,???,???,1,100,??????,9,,
7290000176079,??? ????? ???? ????? ?? ?? ?? ????,???? ???? ??? ,???,???,1,100,????,12,,
2771111,??? ?? ???? ???? ????? ?? ?? ,???? ???? ??? ,???,???,1,250,?? ???? ,19.9,,
